order_id,date,region,category,sales_rep,quantity,unit_price,discount,revenue
1001,2025-07-01,East,Electronics,rep_11,4,359.62,0,1438.48
1002,2025-07-02,North,Apparel,rep_10,2,68.24,0.25,102.47
1003,2025-07-03,East,Furniture,rep_05,7,264.84,0.3,1300.6
1004,2025-07-04,East,Furniture,rep_06,6,277.3,0.1,1502.41
1005,2025-07-05,South,Electronics,rep_01,6,543.16,0.1,2946.1
1006,2025-07-06,West,Electronics,rep_11,7,317.17,0.1,2009.27
1007,2025-07-06,East,Office Supplies,rep_05,2,32.94,0.05,62.93
1008,2025-07-06,West,Electronics,rep_11,2,405.76,0.2,652.82
1009,2025-07-06,North,Office Supplies,rep_12,6,38.1,0.1,206.88
1010,2025-07-07,East,Furniture,rep_05,4,252.46,0.25,762.43
1011,2025-07-08,West,Office Supplies,rep_06,1,38.72,0,39.02
1012,2025-07-08,North,Apparel,rep_04,4,107.14,0.1,388.7
1013,2025-07-09,West,Apparel,rep_04,8,64.0,0,516.55
1014,2025-07-09,East,Office Supplies,rep_06,7,59.78,0.15,358.85
1015,2025-07-09,West,Furniture,rep_01,3,327.57,0,991.45
1016,2025-07-09,North,Electronics,rep_10,3,526.87,0.15,1355.46
1017,2025-07-10,South,Apparel,rep_01,8,85.63,0.25,518.92
1018,2025-07-11,East,Office Supplies,rep_03,6,35.01,0.15,180.53
1019,2025-07-12,West,Electronics,rep_09,5,579.74,0,2934.13
1020,2025-07-12,West,Electronics,rep_10,5,541.45,0.25,2055.25
1021,2025-07-12,North,Furniture,rep_01,3,334.05,0.3,710.08
1022,2025-07-12,South,Office Supplies,rep_04,2,60.77,0.1,110.72
1023,2025-07-13,West,Furniture,rep_02,2,235.59,0.25,358.1
1024,2025-07-14,East,Furniture,rep_07,3,274.52,0.3,584.82
1025,2025-07-14,West,Furniture,rep_11,4,371.71,0.25,1131.24
1026,2025-07-15,West,Apparel,rep_02,8,62.78,0.05,484.55
1027,2025-07-15,North,Office Supplies,rep_02,4,50.04,0,203.27
1028,2025-07-15,North,Electronics,rep_09,1,546.73,0,555.23
1029,2025-07-16,East,Office Supplies,rep_04,4,48.49,0.2,157.75
1030,2025-07-16,West,Apparel,rep_06,4,61.28,0.15,211.82
1031,2025-07-17,South,Apparel,rep_01,1,93.71,0,95.38
1032,2025-07-17,East,Apparel,rep_09,2,69.92,0.05,135.21
1033,2025-07-17,North,Apparel,rep_02,3,71.6,0.05,207.69
1034,2025-07-17,West,Apparel,rep_01,2,58.83,0.25,89.81
1035,2025-07-18,North,Furniture,rep_01,8,321.45,0.25,1965.13
1036,2025-07-19,North,Apparel,rep_05,7,70.85,0.2,404.7
1037,2025-07-19,East,Apparel,rep_04,8,64.67,0.1,474.94
1038,2025-07-20,East,Electronics,rep_09,,308.74,0.2,252.21
1039,2025-07-21,West,Electronics,rep_10,2,544.29,0,1112.77
1040,2025-07-21,East,Electronics,rep_10,4,412.71,0.05,1603.15
1041,2025-07-22,South,Electronics,rep_11,6,568.8,0.05,3317.81
1042,2025-07-23,North,Furniture,rep_08,3,362.76,0.2,891.91
1043,2025-07-23,West,Office Supplies,rep_02,2,31.79,0,65.13
1044,2025-07-23,South,Furniture,rep_04,3,419.52,0,1289.32
1045,2025-07-24,North,Office Supplies,rep_01,5,50.77,0.25,195.25
1046,2025-07-24,West,Office Supplies,rep_05,2,61.08,0,125.28
1047,2025-07-24,West,Electronics,rep_12,3,374.07,0.05,1093.34
1048,2025-07-25,East,Furniture,rep_01,5,326.67,0.2,1341.52
1049,2025-07-25,East,Electronics,rep_03,5,306.96,0.1,1418.16
1050,2025-07-25,North,Office Supplies,rep_09,8,48.88,0.15,341.25
1051,2025-07-26,North,Electronics,rep_10,3,454.4,0.1,1260.96
1052,2025-07-27,North,Apparel,rep_06,5,76.42,0,393.14
1053,2025-07-27,East,Furniture,rep_07,2,293.75,0.3,423.13
1054,2025-07-28,West,Furniture,rep_03,3,408.27,0,1261.55
1055,2025-07-28,East,Office Supplies,rep_05,7,56.77,0.05,388.85
1056,2025-07-29,South,Electronics,rep_04,1,546.43,0.05,535.26
1057,2025-07-29,South,Apparel,rep_07,4,68.48,0.05,268.32
1058,2025-07-30,West,Office Supplies,rep_07,5,42.56,0.25,164.74
1059,2025-07-30,West,Office Supplies,rep_03,2,59.13,0.1,109.86
1060,2025-07-30,North,Office Supplies,rep_07,7,42.39,0.1,275.66
1061,2025-07-31,West,Apparel,rep_01,4,70.26,0.15,246.85
1062,2025-08-01,South,Office Supplies,rep_12,6,51.13,0,317.35
1063,2025-08-01,South,Office Supplies,rep_09,7,41.77,0.1,272.22
1064,2025-08-02,South,Furniture,rep_10,7,363.98,0.1,2374.61
1065,2025-08-02,South,Office Supplies,rep_07,1,41.07,0.05,40.4
1066,2025-08-03,South,Apparel,rep_11,4,84.63,0,350.93
1067,2025-08-03,North,Electronics,rep_11,6,321.46,0.05,1899.51
1068,2025-08-03,North,Office Supplies,rep_04,4,36.14,0,149.86
1069,2025-08-04,South,Electronics,rep_08,4,505.19,0.15,1782.53
1070,2025-08-04,North,Apparel,rep_07,1,105.99,0,109.99
1071,2025-08-04,North,Furniture,rep_02,8,227.9,0.1,1702.87
1072,2025-08-04,North,Apparel,rep_10,8,93.38,0.25,581.45
1073,2025-08-05,East,Apparel,rep_08,7,102.51,0.25,559.11
1074,2025-08-05,East,Furniture,rep_11,8,314.67,0.1,2353.73
1075,2025-08-05,East,Office Supplies,rep_08,8,51.24,0.1,383.28
1076,2025-08-06,North,Office Supplies,rep_02,6,41.57,0.25,194.55
1077,2025-08-07,North,Furniture,rep_07,3,370.29,0,1156.54
1078,2025-08-07,South,Apparel,rep_07,8,79.28,0.05,627.3
1079,2025-08-08,West,Electronics,rep_05,7,434.23,0.1,2851.15
1080,2025-08-08,West,Apparel,rep_10,7,86.14,0.25,471.33
1081,2025-08-08,South,Furniture,rep_07,5,311.58,0,1623.68
1082,2025-08-08,East,Office Supplies,rep_03,7,54.31,0.2,-316.98
1083,2025-08-09,East,Apparel,rep_03,1,60.7,0.15,53.83
1084,2025-08-10,North,Furniture,rep_06,7,288.04,0.25,1579.42
1085,2025-08-10,East,Office Supplies,rep_05,7,40.27,0.15,250.26
1086,2025-08-10,South,Electronics,rep_04,1,587.97,0.1,552.69
1087,2025-08-10,East,Electronics,rep_04,1,515.74,0.05,511.73
1088,2025-08-11,North,Furniture,rep_04,8,362.27,0.3,2121.13
1089,2025-08-12,East,Office Supplies,rep_03,3,50.59,0,158.85
1090,2025-08-12,North,Office Supplies,rep_07,1,60.76,0.15,54.06
1091,2025-08-12,North,Furniture,rep_11,4,239.11,0.2,800.86
1092,2025-08-12,West,Electronics,rep_11,1,396.08,0.15,352.38
1093,2025-08-13,South,Electronics,rep_08,6,297.72,0.15,1590.92
1094,2025-08-13,South,Electronics,rep_12,6,480.86,0.2,2418.41
1095,2025-08-13,South,Furniture,rep_08,5,350.65,0.3,1285.91
1096,2025-08-14,West,Apparel,rep_02,5,74.05,0.05,368.93
1097,2025-08-14,West,Office Supplies,rep_06,4,55.14,0.15,196.64
1098,2025-08-14,South,Electronics,rep_06,6,347.46,0.05,2077.35
1099,2025-08-14,South,Office Supplies,rep_04,5,49.01,0.25,192.77
1100,2025-08-15,East,Furniture,rep_12,8,337.47,0.1,2551.27
1101,2025-08-16,South,Apparel,rep_07,1,61.21,0.05,61.12
1102,2025-08-16,North,Furniture,rep_06,6,319.7,0.3,1411.37
1103,2025-08-16,West,Apparel,rep_05,6,75.7,0.2,381.93
1104,2025-08-16,North,Office Supplies,rep_02,2,54.22,0.1,102.58
1105,2025-08-17,North,Furniture,rep_09,8,277.0,0.3,1632.21
1106,2025-08-17,West,Office Supplies,rep_03,4,40.83,0.1,154.66
1107,2025-08-18,East,Electronics,rep_09,3,374.65,0,1183.89
1108,2025-08-18,East,Office Supplies,rep_02,3,51.59,0.2,130.42
1109,2025-08-18,East,Electronics,rep_03,8,434.74,0.1,3297.07
1110,2025-08-19,West,Office Supplies,rep_07,8,35.09,0,296.0
1111,2025-08-20,East,Electronics,rep_02,1,338.61,0.1,321.68
1112,2025-08-20,North,Furniture,rep_04,7,348.57,0.3,1802.88
1113,2025-08-20,South,Apparel,rep_05,8,72.65,0.15,521.47
1114,2025-08-20,East,Electronics,rep_11,2,572.59,0.05,1148.36
1115,2025-08-21,East,Office Supplies,rep_02,3,39.06,0.25,92.87
1116,2025-08-21,North,Furniture,rep_05,8,366.59,0.25,2324.18
1117,2025-08-22,North,Furniture,rep_02,5,369.55,0.25,1465.88
1118,2025-08-23,East,Office Supplies,rep_04,4,44.89,0.25,142.6
1119,2025-08-23,West,Furniture,rep_05,3,232.5,0.1,664.72
1120,2025-08-24,North,Apparel,rep_09,5,95.19,0.1,454.06
1121,2025-08-24,north,Apparel,rep_10,1,105.81,0.1,100.94
1122,2025-08-24,North,Office Supplies,rep_11,4,61.8,0,262.03
1123,2025-08-25,East,Electronics,rep_05,3,432.33,0.2,1101.0
1124,2025-08-25,West,Furniture,rep_02,7,354.75,0.25,1976.25
1125,2025-08-25,South,Apparel,rep_03,6,73.98,0,471.01
1126,2025-08-26,East,Apparel,rep_09,5,93.1,0.15,420.29
1127,2025-08-26,South,Electronics,rep_07,6,368.21,0,2346.73
1128,2025-08-26,East,Electronics,rep_09,8,415.49,0.05,3354.2
1129,2025-08-27,East,Apparel,rep_03,1,67.4,0.25,53.75
1130,2025-08-27,South,Office Supplies,rep_12,8,35.32,0.05,285.43
1131,2025-08-27,North,Furniture,rep_04,1,336.84,0,358.17
1132,2025-08-28,West,Apparel,rep_09,3,83.91,0.1,241.16
1133,2025-08-29,West,Apparel,rep_03,8,69.65,0.25,445.3
1134,2025-08-29,North,Apparel,rep_07,3,104.39,0.1,300.33
1135,2025-08-29,West,Office Supplies,rep_12,5,57.35,0.1,274.99
1136,2025-08-30,West,Apparel,rep_06,8,86.16,0.1,661.71
1137,2025-08-30,South,Apparel,rep_10,6,104.7,0.05,636.58
1138,2025-08-30,North,Apparel,rep_12,7,58.44,0.2,349.08
1139,2025-08-31,West,Apparel,rep_03,3,83.74,0,268.25
1140,2025-08-31,West,Office Supplies,rep_01,8,34.64,0.2,236.72
1141,2025-08-31,South,Furniture,rep_06,3,233.24,0.2,597.72
1142,2025-08-31,East,Apparel,rep_07,6,103.73,0.25,498.42
1143,2025-09-01,West,Apparel,rep_11,1,90.58,0.05,91.98
1144,2025-09-01,West,Office Supplies,rep_11,2,45.17,0,96.56
1145,2025-09-01,South,Electronics,rep_06,5,559.61,0,2990.8
1146,2025-09-02,South,Office Supplies,rep_07,7,36.09,0.25,202.74
1147,2025-09-03,North,Furniture,rep_08,7,351.48,0.1,2371.79
1148,2025-09-03,North,Furniture,rep_08,5,316.73,0,1696.27
1149,2025-09-04,North,Furniture,rep_11,6,431.32,0.2,2219.86
1150,2025-09-04,East,Apparel,rep_07,8,103.34,0.05,842.11
1151,2025-09-04,North,Apparel,rep_12,7,88.03,0.1,594.64
1152,2025-09-05,West,Electronics,rep_10,7,374.7,0,2815.25
1153,2025-09-05,West,Apparel,rep_10,5,99.44,0.05,506.98
1154,2025-09-05,North,Office Supplies,rep_11,4,51.06,0,219.22
1155,2025-09-06,North,Electronics,rep_12,8,303.81,0.1,2350.27
1156,2025-09-07,West,Electronics,rep_04,6,513.76,0,3315.46
1157,2025-09-07,East,Furniture,rep_03,6,332.19,0.2,1714.99
1158,2025-09-08,West,Apparel,rep_02,5,97.81,0.1,473.89
1159,2025-09-08,West,Apparel,rep_11,3,98.23,0.05,301.42
1160,2025-09-08,West,Apparel,rep_01,6,61.06,0.15,335.28
1161,2025-09-09,South,Electronics,rep_02,5,465.86,0.1,2259.42
1162,2025-09-09,South,Furniture,rep_11,6,415.61,0.1,2418.85
1163,2025-09-09,East,Electronics,rep_11,8,561.36,0.1,4356.15
1164,2025-09-10,North,Electronics,rep_02,1,383.48,0.2,330.99
1165,2025-09-10,North,Electronics,rep_11,3,408.26,0.1,1189.26
1166,2025-09-10,East,Apparel,rep_08,3,105.58,0,341.73
1167,2025-09-10,West,Apparel,rep_04,5,57.83,0.1,280.76
1168,2025-09-11,West,Apparel,rep_09,6,61.56,0.1,359.02
1169,2025-09-11,North,Office Supplies,rep_08,5,37.48,0,202.39
1170,2025-09-11,East,Electronics,rep_04,1,308.87,0.1,300.22
1171,2025-09-11,East,Furniture,rep_04,4,231.89,0.3,701.24
1172,2025-09-12,South,Furniture,rep_01,3,388.14,0.3,881.21
1173,2025-09-12,West,Office Supplies,rep_05,3,62.61,0.25,152.3
1174,2025-09-13,East,Electronics,rep_04,1,332.75,0.1,324.1
1175,2025-09-13,North,Office Supplies,rep_09,5,33.15,0.15,152.47
1176,2025-09-14,South,Electronics,rep_08,6,444.89,0,2891.78
1177,2025-09-15,East,Electronics,rep_01,5,428.66,0,2324.29
1178,2025-09-15,West,Apparel,rep_12,7,94.42,0.2,573.4
1179,2025-09-16,West,Electronics,rep_03,6,472.84,0,3079.76
1180,2025-09-16,East,Office Supplies,rep_05,6,43.5,0.25,212.5
1181,2025-09-16,South,Apparel,rep_11,7,61.55,0,467.71
1182,2025-09-16,South,Furniture,rep_07,4,306.8,0.25,999.15
1183,2025-09-17,North,Electronics,rep_03,6,489.54,0.1,2872.62
1184,2025-09-17,North,Apparel,rep_12,2,61.22,0,133.05
1185,2025-09-17,West,Office Supplies,rep_09,1,49.97,0.25,40.73
1186,2025-09-17,East,Office Supplies,rep_12,7,42.64,0.15,275.7
1187,2025-09-18,East,Office Supplies,rep_04,6,34.76,0.25,170.15
1188,2025-09-19,North,Apparel,rep_06,2,75.61,0.25,123.5
1189,2025-09-19,East,Electronics,rep_10,4,531.32,0.25,1735.65
1190,2025-09-20,North,Office Supplies,rep_06,5,53.64,0.1,263.1
1191,2025-09-21,North,Electronics,rep_02,3,460.5,0.15,1281.26
1192,2025-09-21,East,Furniture,rep_04,1,236.91,0.3,180.95
1193,2025-09-21,South,Apparel,rep_12,6,64.81,0.1,381.86
1194,2025-09-22,West,Electronics,rep_11,3,340.28,0,1114.98
1195,2025-09-22,North,Electronics,rep_07,7,436.78,0.2,2671.54
1196,2025-09-22,North,Office Supplies,rep_05,2,42.37,0,92.55
1197,2025-09-23,North,Office Supplies,rep_01,7,62.51,0,478.41
1198,2025-09-23,North,Furniture,rep_05,4,383.51,0.2,1341.77
1199,2025-09-23,North,Office Supplies,rep_03,8,55.03,0,481.33
1200,2025-09-23,East,Apparel,rep_02,4,84.01,0.1,330.66
1201,2025-09-24,South,Electronics,rep_10,8,564.82,0.1,4450.78
1202,2025-09-24,East,Apparel,rep_01,7,72.21,0.15,470.23
1203,2025-09-24,North,Office Supplies,rep_02,8,57.71,0.1,454.75
1204,2025-09-24,West,Apparel,rep_09,4,80.4,0.15,299.18
1205,2025-09-25,West,Apparel,rep_02,6,68.41,0,449.68
1206,2025-09-26,West,Furniture,rep_04,6,293.19,0.1,1736.27
1207,2025-09-27,North,Furniture,rep_03,3,347.72,0,1145.16
1208,2025-09-28,East,Apparel,rep_11,8,94.14,0.1,744.84
1209,2025-09-28,North,Office Supplies,rep_05,2,46.27,0.1,91.52
1210,2025-09-28,South,Electronics,rep_01,2,385.26,0.2,677.37
1211,2025-09-28,South,Electronics,rep_10,5,316.56,0,1739.32
1212,2025-09-29,East,Apparel,rep_06,1,81.19,0.05,84.84
1213,2025-09-29,South,Apparel,rep_12,1,81.23,0.1,80.42
1214,2025-09-29,South,Electronics,rep_08,3,305.51,0.2,806.55
1215,2025-09-29,South,Furniture,rep_11,5,301.07,0.2,1324.71
1216,2025-09-30,North,Office Supplies,rep_05,2,49.08,0.15,91.87
1217,2025-10-01,South,Furniture,rep_11,3,415.93,0.2,1100.27
1218,2025-10-01,North,Apparel,rep_11,2,73.34,0.15,137.42
1219,2025-10-01,West,Office Supplies,rep_09,2,51.85,0.15,97.16
1220,2025-10-02,South,Electronics,rep_08,3,573.64,0.1,1708.87
1221,2025-10-02,North,Furniture,rep_02,3,250.62,0.2,663.64
1222,2025-10-02,East,Electronics,rep_03,3,469.59,0,1554.34
1223,2025-10-03,East,Furniture,rep_08,1,306.16,0.1,304.32
1224,2025-10-03,East,Office Supplies,rep_05,8,38.87,0.05,326.27
1225,2025-10-04,South,Furniture,rep_07,8,317.18,0.2,2244.22
1226,2025-10-04,West,Apparel,rep_05,4,100.87,0,446.07
1227,2025-10-04,East,Electronics,rep_12,6,457.03,0,3031.63
1228,2025-10-04,North,Electronics,rep_03,3,374.2,0.25,930.82
1229,2025-10-05,West,Electronics,rep_01,4,534.11,0.1,2127.89
1230,2025-10-05,North,Apparel,rep_06,6,69.2,0,459.49
1231,2025-10-05,North,Furniture,rep_03,2,399.1,0.2,706.67
1232,2025-10-05,North,Furniture,rep_12,8,368.05,0.1,2932.62
1233,2025-10-06,East,Apparel,rep_03,2,57.06,0.05,120.1
1234,2025-10-06,North,Apparel,rep_01,5,69.31,0,383.9
1235,2025-10-06,South,Furniture,rep_10,8,230.63,0.25,1532.92
1236,2025-10-06,East,Electronics,rep_07,4,505.25,0.1,2014.94
1237,2025-10-07,North,Office Supplies,rep_09,7,37.4,0,290.31
1238,2025-10-08,West,Electronics,rep_01,1,408.79,0.2,363.01
1239,2025-10-08,West,Apparel,rep_02,5,97.85,0.1,488.76
1240,2025-10-08,North,Office Supplies,rep_03,2,55.8,0.1,111.49
1241,2025-10-09,East,Office Supplies,rep_12,3,57.66,0.2,153.76
1242,2025-10-10,West,Furniture,rep_01,2,372.38,0.25,621.25
1243,2025-10-10,North,Office Supplies,rep_05,4,59.4,0.1,237.84
1244,2025-10-10,West,Apparel,rep_05,8,70.19,0.05,593.31
1245,2025-10-10,West,Office Supplies,rep_05,1,58.77,0.1,58.83
1246,2025-10-11,South,Office Supplies,rep_06,7,54.91,0.15,363.74
1247,2025-10-12,East,Apparel,rep_05,6,107.76,0.25,540.42
1248,2025-10-12,East,Electronics,rep_09,2,420.6,0,937.47
1249,2025-10-13,North,Office Supplies,rep_08,6,52.32,0.1,315.18
1250,2025-10-13,North,Apparel,rep_12,8,75.69,0,675.49
1251,2025-10-13,East,Office Supplies,rep_02,7,99999.0,0,313.53
1252,2025-10-14,South,Office Supplies,rep_10,3,61.51,0,206.06
1253,2025-10-14,North,Apparel,rep_06,2,69.22,0.1,139.13
1254,2025-10-14,West,Apparel,rep_06,1,89.89,0.2,80.3
1255,2025-10-14,South,Office Supplies,rep_06,2,49.58,0.25,83.05
1256,2025-10-15,East,Office Supplies,rep_12,4,61.76,0,276.14
1257,2025-10-15,South,Furniture,rep_05,7,415.24,0,3249.02
1258,2025-10-15,East,Office Supplies,rep_12,4,62.89,0.1,253.07
1259,2025-10-15,North,Apparel,rep_03,3,103.76,0.2,278.35
1260,2025-10-16,West,Electronics,rep_09,6,490.34,0,3291.82
1261,2025-10-16,West,Office Supplies,rep_06,3,53.92,0,180.99
1262,2025-10-16,North,Furniture,rep_08,4,388.88,0.1,1566.41
1263,2025-10-16,South,Electronics,rep_03,6,431.42,0.25,2172.2
1264,2025-10-17,North,Electronics,rep_10,8,448.55,0.15,3416.16
1265,2025-10-18,West,Furniture,rep_06,2,314.64,0.3,493.84
1266,2025-10-19,East,Furniture,rep_02,3,310.88,0,1046.63
1267,2025-10-19,North,Furniture,rep_06,3,287.02,0.1,869.67
1268,2025-10-20,North,Electronics,rep_10,5,330.8,0.1,1672.19
1269,2025-10-20,South,Electronics,rep_03,3,467.99,0,1577.13
1270,2025-10-20,West,Office Supplies,rep_02,1,57.49,0,64.58
1271,2025-10-21,East,Office Supplies,rep_08,7,50.97,0,401.19
1272,2025-10-22,South,Office Supplies,rep_12,7,40.87,0,322.01
1273,2025-10-22,North,Electronics,rep_06,7,436.37,0.05,3266.21
1274,2025-10-22,North,Furniture,rep_07,6,376.32,0.2,2033.13
1275,2025-10-23,South,Office Supplies,rep_02,2,41.55,0.2,74.9
1276,2025-10-23,South,Office Supplies,rep_07,3,34.55,0.1,105.1
1277,2025-10-24,West,Furniture,rep_12,3,393.52,0.3,931.99
1278,2025-10-24,North,Office Supplies,rep_08,3,47.2,0.25,119.77
1279,2025-10-24,West,Apparel,rep_09,8,57.3,0.15,439.43
1280,2025-10-24,West,Apparel,rep_01,4,88.67,0,400.0
1281,2025-10-25,East,Apparel,rep_02,8,72.0,0,650.24
1282,2025-10-25,North,Apparel,rep_06,5,96.74,0.15,464.14
1283,2025-10-25,South,Electronics,rep_02,4,400.58,0.1,1627.96
1284,2025-10-26,East,Apparel,rep_03,5,102.22,0,577.54
1285,2025-10-26,South,Electronics,rep_03,6,458.0,0.1,2794.72
1286,2025-10-26,East,Furniture,rep_01,7,325.52,0,2574.86
1287,2025-10-26,East,Furniture,rep_10,8,329.7,0.1,2682.44
1288,2025-10-27,West,Office Supplies,rep_10,6,36.62,0.1,223.67
1289,2025-10-27,South,Office Supplies,rep_08,8,53.83,0.1,438.39
1290,2025-10-28,South,Office Supplies,rep_12,2,62.37,0.1,127.11
1291,2025-10-29,North,Apparel,rep_03,4,96.4,0.2,349.61
1292,2025-10-30,West,Furniture,rep_04,4,223.85,0,1015.78
1293,2025-10-30,South,Electronics,rep_07,7,338.52,0.05,2553.81
1294,2025-10-30,West,Apparel,rep_04,1,95.52,0.25,81.27
1295,2025-10-30,West,Office Supplies,rep_03,8,48.05,0.1,392.47
1296,2025-10-31,East,Office Supplies,rep_04,5,50.72,0.05,273.58
1297,2025-10-31,East,Office Supplies,rep_05,4,61.16,0.1,250.02
1298,2025-10-31,East,Furniture,rep_09,8,285.8,0.2,2077.07
1299,2025-10-31,North,Office Supplies,rep_06,7,59.72,0.15,403.5
1300,2025-11-01,North,Office Supplies,rep_11,2,42.41,0.2,104.13
1301,2025-11-01,East,Office Supplies,rep_05,4,37.87,0.25,174.33
1302,2025-11-02,North,Furniture,rep_04,4,269.61,0.3,1159.54
1303,2025-11-02,North,Furniture,rep_02,7,288.67,0.25,2327.83
1304,2025-11-02,North,Furniture,rep_08,3,305.3,0.25,1055.12
1305,2025-11-03,South,Office Supplies,rep_11,1,60.1,0,92.4
1306,2025-11-03,East,Furniture,rep_07,1,415.17,0.1,574.49
1307,2025-11-04,West,Electronics,rep_12,7,525.66,0,5662.94
1308,2025-11-04,West,Office Supplies,rep_06,1,40.9,0,62.95
1309,2025-11-05,West,Apparel,rep_09,8,105.8,0,1303.88
1310,2025-11-05,North,Apparel,rep_11,2,74.52,0.2,183.68
1311,2025-11-05,East,Office Supplies,rep_10,1,54.7,0.1,75.84
1312,2025-11-06,East,Furniture,rep_06,7,396.46,0.3,2995.57
1313,2025-11-06,South,Electronics,rep_08,2,348.33,0,1074.25
1314,2025-11-07,North,Furniture,rep_06,7,268.11,0.2,2317.44
1315,2025-11-07,East,Office Supplies,rep_12,1,39.74,0.1,55.2
1316,2025-11-07,North,Furniture,rep_07,2,317.99,0.1,883.47
1317,2025-11-08,East,Electronics,rep_04,5,402.06,0.05,2950.62
1318,2025-11-08,South,Furniture,rep_06,8,379.26,0.3,3281.36
1319,2025-11-08,East,Apparel,rep_04,8,98.41,0.05,1155.53
1320,2025-11-09,East,Apparel,rep_01,6,60.37,0,560.17
1321,2025-11-10,North,Furniture,rep_12,8,242.22,0.1,2699.69
1322,2025-11-10,North,Apparel,rep_03,8,101.29,0.2,1003.5
1323,2025-11-11,East,Apparel,rep_12,8,93.67,0.1,1045.02
1324,2025-11-11,South,Electronics,rep_01,1,513.27,0,795.31
1325,2025-11-11,South,Apparel,rep_02,2,86.31,0,267.47
1326,2025-11-11,North,Apparel,rep_11,7,66.08,0,716.74
1327,2025-11-12,West,Office Supplies,rep_07,7,45.63,0.15,421.09
1328,2025-11-12,East,Electronics,rep_02,3,486.14,0.1,2035.81
1329,2025-11-12,West,Furniture,rep_01,7,331.76,0.1,3241.73
1330,2025-11-12,West,Electronics,rep_07,8,492.01,0.25,4578.65
1331,2025-11-13,North,Furniture,rep_12,6,250.66,0.1,2101.41
1332,2025-11-13,North,Electronics,rep_04,7,474.79,0,5159.78
1333,2025-11-13,North,Furniture,rep_04,1,313.88,0,487.3
1334,2025-11-13,South,Electronics,rep_03,4,452.69,0,2811.2
1335,2025-11-14,West,Furniture,rep_04,6,342.31,0.2,2553.36
1336,2025-11-14,West,Office Supplies,rep_01,4,44.53,0.1,249.12
1337,2025-11-14,East,Furniture,rep_06,7,337.62,0,3672.63
1338,2025-11-15,East,Office Supplies,rep_03,7,36.2,0.15,335.04
1339,2025-11-15,North,Apparel,rep_08,4,72.84,0,453.21
1340,2025-11-15,East,Electronics,rep_07,7,457.84,0,4985.19
1341,2025-11-15,North,Furniture,rep_06,6,357.34,0.25,2501.29
1342,2025-11-16,North,Furniture,rep_01,7,363.19,0.3,2770.89
1343,2025-11-17,West,Furniture,rep_05,4,321.03,0.2,1601.04
1344,2025-11-18,West,Furniture,rep_04,2,379.07,0.25,887.02
1345,2025-11-19,West,Apparel,rep_08,6,99.43,0.15,791.83
1346,2025-11-19,North,Office Supplies,rep_08,6,47.65,0.2,357.15
1347,2025-11-20,East,Apparel,rep_06,6,107.2,0.1,904.79
1348,2025-11-21,East,Electronics,rep_05,4,511.93,0,3203.66
1349,2025-11-21,North,Apparel,rep_10,4,74.47,0.15,396.13
1350,2025-11-21,South,Furniture,rep_12,6,272.84,0.25,1920.86
1351,2025-11-21,South,Apparel,rep_08,6,65.48,0.25,461.0
1352,2025-11-22,South,Electronics,rep_01,2,571.89,0,1791.16
1353,2025-11-22,North,Apparel,rep_01,4,59.81,0,374.65
1354,2025-11-23,South,Apparel,rep_01,8,92.92,0,1165.22
1355,2025-11-23,North,Apparel,rep_01,5,86.0,0.1,606.62
1356,2025-11-24,North,Furniture,rep_04,2,330.79,0.1,934.22
1357,2025-11-24,West,Office Supplies,rep_06,5,56.54,0,443.56
1358,2025-11-24,South,Apparel,rep_05,4,111.45,0.05,664.49
1359,2025-11-24,East,Electronics,rep_07,1,321.49,0.15,428.76
1360,2025-11-25,East,Electronics,rep_11,3,318.31,0.15,1274.76
1361,2025-11-25,East,Office Supplies,rep_04,2,59.69,0,187.49
1362,2025-11-25,West,Furniture,rep_11,8,275.83,0,3465.53
1363,2025-11-25,West,Office Supplies,rep_01,1,37.15,0.1,52.51
1364,2025-11-26,East,Furniture,rep_03,7,418.57,0.2,3684.76
1365,2025-11-26,East,Furniture,rep_06,7,363.92,0.3,2803.2
1366,2025-11-27,West,Furniture,rep_01,2,325.67,0.2,819.91
1367,2025-11-27,South,Electronics,rep_06,2,394.13,0.15,1054.28
1368,2025-11-27,East,Electronics,rep_09,8,438.24,0.1,4964.91
1369,2025-11-27,South,Apparel,rep_04,7,60.8,0.1,602.71
1370,2025-11-28,North,Electronics,rep_12,7,503.23,0,5548.11
1371,2025-11-29,South,Office Supplies,rep_08,2,31.66,0.1,89.84
1372,2025-11-29,East,Office Supplies,rep_07,2,35.67,0,112.47
1373,2025-11-29,East,Apparel,rep_06,7,61.78,0,681.77
1374,2025-11-29,East,Electronics,rep_05,6,547.93,0,5182.87
1375,2025-11-30,East,Apparel,rep_11,4,88.03,0,555.65
1376,2025-11-30,North,Apparel,rep_03,5,72.86,0.2,459.89
1377,2025-11-30,North,Electronics,rep_02,5,417.8,0.2,2637.15
1378,2025-11-30,North,Office Supplies,rep_10,4,54.21,0.2,273.74
1379,2025-12-01,North,Apparel,rep_06,5,56.38,0.15,378.47
1380,2025-12-01,West,Apparel,rep_11,6,80.65,0.15,649.67
1381,2025-12-02,South,Office Supplies,rep_07,4,46.59,0,294.64
1382,2025-12-02,North,Office Supplies,rep_06,8,61.98,0.05,744.73
1383,2025-12-03,West,Office Supplies,rep_10,7,43.0,0.05,452.52
1384,2025-12-03,East,Furniture,rep_12,1,423.8,0.25,503.0
1385,2025-12-03,South,Furniture,rep_07,5,397.39,0,3144.35
1386,2025-12-03,North,Apparel,rep_12,5,69.55,0,550.31
1387,2025-12-04,North,Apparel,rep_09,8,88.61,0.25,842.15
1388,2025-12-04,East,Apparel,rep_10,6,95.29,0.25,679.23
1389,2025-12-04,North,Electronics,rep_03,4,487.33,0.1,2778.95
1390,2025-12-04,East,Electronics,rep_07,7,578.24,0.1,5770.37
1391,2025-12-05,North,Electronics,rep_09,4,444.14,0.25,2112.55
1392,2025-12-06,South,Apparel,rep_03,8,99.25,0.25,945.06
1393,2025-12-06,West,Office Supplies,rep_02,8,34.79,0.15,375.44
1394,2025-12-07,South,Furniture,rep_09,6,315.81,0.1,2708.99
1395,2025-12-08,South,Office Supplies,rep_06,8,54.24,0.2,551.95
1396,2025-12-08,North,Electronics,rep_11,2,300.64,0.1,860.43
1397,2025-12-08,East,Electronics,rep_09,3,567.4,0.05,2571.17
1398,2025-12-08,East,Furniture,rep_04,6,338.49,0.25,2421.9
1399,2025-12-09,North,Furniture,rep_04,7,302.84,0.3,2361.65
1400,2025-12-09,East,Apparel,rep_04,7,56.25,0.05,595.32
1401,2025-12-09,East,Office Supplies,rep_03,2,49.69,0.25,118.62
1402,2025-12-09,South,Office Supplies,rep_09,8,35.09,0.2,357.41
1403,2025-12-10,East,Apparel,rep_10,2,75.48,0.2,192.38
1404,2025-12-10,West,Furniture,rep_02,5,416.35,0.3,2321.36
1405,2025-12-10,North,Furniture,rep_06,4,283.27,0.1,1624.5
1406,2025-12-11,South,Apparel,rep_03,3,88.19,0.15,358.58
1407,2025-12-11,East,Apparel,rep_05,3,87.08,0.2,333.24
1408,2025-12-12,North,Furniture,rep_01,8,351.41,0.2,3589.44
1409,2025-12-12,North,Apparel,rep_11,7,109.97,0.25,921.44
1410,2025-12-13,East,Apparel,rep_08,7,95.77,0.2,856.76
1411,2025-12-13,North,Furniture,rep_05,1,389.71,0.1,560.31
1412,2025-12-13,North,Electronics,rep_10,5,343.45,0.2,2194.65
1413,2025-12-13,East,Apparel,rep_09,2,88.07,0.1,253.25
1414,2025-12-14,East,Electronics,rep_02,8,454.63,0.15,4943.28
1415,2025-12-14,North,Furniture,rep_02,1,314.59,0.2,402.42
1416,2025-12-14,West,Apparel,rep_04,2,99.44,0.05,302.11
1417,2025-12-15,North,Apparel,rep_01,3,99.95,0.05,455.91
1418,2025-12-15,East,Office Supplies,rep_05,3,41.7,0.1,180.2
1419,2025-12-15,West,Office Supplies,rep_01,2,35.77,0.15,97.32
1420,2025-12-16,East,Furniture,rep_04,3,271.18,0.2,1042.63
1421,2025-12-16,South,Apparel,rep_08,5,91.16,0.15,620.66
1422,2025-12-16,East,Electronics,rep_12,2,412.44,0.1,1189.31
1423,2025-12-17,West,Apparel,rep_12,6,88.59,0,852.32
1424,2025-12-17,East,Apparel,rep_07,6,103.61,0.25,747.62
1425,2025-12-17,West,Furniture,rep_05,4,324.35,0.2,1664.3
1426,2025-12-18,East,Furniture,rep_01,8,388.06,0,4982.69
1427,2025-12-18,East,Electronics,rep_08,8,298.79,0,3836.46
1428,2025-12-18,North,Apparel,rep_11,7,67.33,0,756.45
1429,2025-12-19,West,Furniture,rep_05,5,237.25,0.2,1524.57
1430,2025-12-19,South,Electronics,rep_12,3,309.23,0.1,1341.3
1431,2025-12-19,South,Furniture,rep_04,2,369.7,0,1187.85
1432,2025-12-20,North,Electronics,rep_01,4,446.72,0.2,2298.64
1433,2025-12-20,East,Electronics,rep_12,2,584.52,0.15,1597.84
1434,2025-12-20,South,Furniture,rep_02,4,300.13,0,1930.44
1435,2025-12-20,South,Office Supplies,rep_11,5,35.82,0,287.99
1436,2025-12-21,East,Electronics,rep_08,1,473.43,0,761.99
1437,2025-12-21,East,Office Supplies,rep_04,3,60.48,0.2,233.62
1438,2025-12-22,North,Electronics,rep_06,2,467.33,0.15,1279.88
1439,2025-12-23,West,Office Supplies,rep_04,4,40.22,0,259.42
1440,2025-12-23,East,Office Supplies,rep_04,1,58.21,0.1,84.48
1441,2025-12-23,East,Furniture,rep_08,5,357.22,0.1,2592.08
1442,2025-12-23,North,Apparel,rep_09,8,91.73,0,1183.32
1443,2025-12-24,West,Office Supplies,rep_06,3,43.69,0.15,179.81
1444,2025-12-25,West,Apparel,rep_01,2,56.93,0,183.94
1445,2025-12-25,North,Office Supplies,rep_09,1,61.38,0.15,84.29
1446,2025-12-26,South,Apparel,rep_09,7,60.62,0.25,514.62
1447,2025-12-26,North,Furniture,rep_03,5,234.15,0.1,1703.79
1448,2025-12-26,South,Office Supplies,rep_12,2,41.27,0.15,113.45
1449,2025-12-27,North,Electronics,rep_05,7,328.1,0,3717.21
1450,2025-12-27,North,Furniture,rep_08,3,369.23,0.1,1613.52
1451,2025-12-28,North,Office Supplies,rep_12,3,55.12,0.1,241.09
1452,2025-12-28,East,Electronics,rep_05,1,392.49,0.15,540.46
1453,2025-12-28,North,Electronics,rep_06,2,439.87,0.25,1068.88
1454,2025-12-29,West,Apparel,rep_02,3,76.59,0.1,335.31
1455,2025-12-30,East,Furniture,rep_04,1,226.56,0,367.71
1456,2025-12-31,South,Apparel,rep_09,3,66.02,0,321.75
1457,2026-01-01,South,Furniture,rep_05,7,415.74,0.2,2804.12
1458,2026-01-01,East,Electronics,rep_03,2,441.6,0,1063.77
1459,2026-01-01,West,Furniture,rep_08,1,424.04,0,510.73
1460,2026-01-01,East,Office Supplies,rep_08,5,41.81,0.25,188.84
1461,2026-01-02,North,Office Supplies,rep_08,5,54.8,0.05,313.81
1462,2026-01-03,West,Apparel,rep_04,4,97.02,0.25,351.21
1463,2026-01-03,North,Furniture,rep_06,7,222.19,0.3,1313.74
1464,2026-01-03,West,Electronics,rep_12,1,517.13,0.15,530.4
1465,2026-01-04,North,Electronics,rep_03,4,417.43,0,2016.65
1466,2026-01-04,North,Office Supplies,rep_07,4,59.76,0.25,216.53
1467,2026-01-04,South,Office Supplies,rep_03,2,49.79,0.25,90.2
1468,2026-01-05,East,Electronics,rep_04,1,421.88,0,510.01
1469,2026-01-05,North,Office Supplies,rep_12,6,60.67,0.15,374.05
1470,2026-01-05,South,Office Supplies,rep_03,5,38.86,0.05,223.14
1471,2026-01-05,North,Electronics,rep_07,3,426.17,0.1,1391.02
1472,2026-01-06,West,Office Supplies,rep_05,4,45.74,0.2,177.11
1473,2026-01-07,North,Electronics,rep_04,5,536.96,0,3251.59
1474,2026-01-08,North,Furniture,rep_09,4,427.14,0.25,1553.37
1475,2026-01-08,East,Electronics,rep_01,5,535.11,0,3243.36
1476,2026-01-08,West,Apparel,rep_03,4,61.3,0,297.24
1477,2026-01-09,North,Electronics,rep_06,4,332.43,0.15,1371.38
1478,2026-01-10,West,Office Supplies,rep_04,2,32.19,0,78.19
1479,2026-01-11,North,Furniture,rep_01,6,243.59,0.25,1332.44
1480,2026-01-11,West,Furniture,rep_08,7,395.31,0.25,2522.74
1481,2026-01-11,South,Electronics,rep_03,7,344.81,0.05,2787.25
1482,2026-01-11,North,Office Supplies,rep_11,3,32.59,0.05,112.9
1483,2026-01-12,South,Apparel,rep_07,8,59.41,0.1,520.43
1484,2026-01-12,South,Furniture,rep_01,4,353.87,0.3,1205.52
1485,2026-01-12,East,Apparel,rep_06,6,82.86,0.2,483.9
1486,2026-01-13,North,Apparel,rep_01,1,73.86,0.05,85.45
1487,2026-01-13,North,Office Supplies,rep_03,8,48.18,0.05,445.91
1488,2026-01-13,North,Electronics,rep_04,4,372.36,0,1813.81
1489,2026-01-14,West,Office Supplies,rep_12,3,37.05,0.1,121.93
1490,2026-01-14,West,Office Supplies,rep_10,1,53.66,0.1,58.87
1491,2026-01-14,East,Furniture,rep_09,4,398.56,0.25,1457.4
1492,2026-01-14,North,Office Supplies,rep_10,1,34.34,0.05,39.76
1493,2026-01-15,East,Electronics,rep_03,1,391.53,0.05,453.78
1494,2026-01-15,East,Office Supplies,rep_10,6,33.38,0,244.34
1495,2026-01-16,West,Electronics,rep_12,6,576.4,0.1,3800.78
1496,2026-01-16,East,Apparel,rep_03,6,72.9,0,534.11
1497,2026-01-17,East,Apparel,rep_12,3,95.6,0.25,262.9
1498,2026-01-17,North,Office Supplies,rep_03,3,43.42,0.1,143.29
1499,2026-01-17,East,Furniture,rep_01,7,401.61,0.3,2405.2
1500,2026-01-17,East,Furniture,rep_08,4,355.8,0,1739.47
1501,2026-01-18,East,Office Supplies,rep_03,4,42.42,0.1,186.82
1502,2026-01-18,West,Electronics,rep_04,6,425.31,0.1,2809.6
1503,2026-01-19,South,Electronics,rep_07,2,505.8,0,1238.65
1504,2026-01-19,East,Apparel,rep_07,3,105.53,0.2,310.12
1505,2026-01-20,North,Apparel,rep_03,8,100.17,0.05,933.01
1506,2026-01-20,North,Apparel,rep_05,1,72.51,0.1,79.98
1507,2026-01-20,North,Electronics,rep_12,3,555.05,0,2040.73
1508,2026-01-21,South,Electronics,rep_11,8,501.12,0.15,4180.01
1509,2026-01-22,North,Apparel,rep_07,2,74.54,0.05,173.89
1510,2026-01-22,East,Office Supplies,rep_07,5,38.98,0,239.29
1511,2026-01-23,North,Furniture,rep_11,1,309.79,0.2,304.56
1512,2026-01-23,North,Apparel,rep_02,1,67.59,0.1,74.75
1513,2026-01-23,West,Apparel,rep_08,5,99.95,0.2,491.31
1514,2026-01-23,North,Office Supplies,rep_06,7,37.32,0.15,272.88
1515,2026-01-24,North,Apparel,rep_05,8,82.04,0.05,766.91
1516,2026-01-24,North,Electronics,rep_09,2,319.2,0.1,706.71
1517,2026-01-25,East,Furniture,rep_09,7,394.59,0.25,2550.37
1518,2026-01-25,East,Apparel,rep_07,4,82.67,0,407.1
1519,2026-01-25,South,Electronics,rep_03,3,329.36,0.2,973.15
1520,2026-01-25,West,Furniture,rep_02,4,244.38,0.25,902.58
1521,2026-01-26,West,Furniture,rep_06,3,398.0,0.2,1177.02
1522,2026-01-26,North,Electronics,rep_09,7,456.3,0.1,3542.26
1523,2026-01-26,West,Apparel,rep_07,1,100.05,0.25,92.46
1524,2026-01-26,South,Electronics,rep_02,3,460.58,0,1702.61
1525,2026-01-27,West,Office Supplies,rep_07,6,59.15,0.1,393.94
1526,2026-01-28,North,Apparel,rep_01,5,78.57,0.15,412.21
1527,2026-01-28,West,Apparel,rep_12,6,94.67,0,701.19
1528,2026-01-28,West,Apparel,rep_05,6,57.13,0.1,380.83
1529,2026-01-28,West,Office Supplies,rep_03,2,62.13,0.05,145.72
1530,2026-01-29,East,Apparel,rep_10,6,71.09,0.15,447.96
1531,2026-01-29,North,Electronics,rep_12,4,562.55,0.15,2363.21
1532,2026-01-29,East,Apparel,rep_03,6,101.98,0.25,567.01
1533,2026-01-30,East,Office Supplies,rep_10,7,35.77,0.25,232.24
1534,2026-01-31,North,Furniture,rep_01,4,398.62,0.1,1776.25
1535,2026-02-01,West,Electronics,rep_09,4,374.55,0.2,1484.88
1536,2026-02-01,East,Apparel,rep_06,2,94.15,0.05,221.62
1537,2026-02-01,East,Apparel,rep_10,3,109.79,0.2,326.44
1538,2026-02-01,South,Office Supplies,rep_05,5,55.09,0,341.25
1539,2026-02-02,North,Apparel,rep_11,4,104.0,0.05,490.05
1540,2026-02-03,East,Office Supplies,rep_08,1,58.74,0,72.9
1541,2026-02-03,East,Furniture,rep_05,1,265.56,0.3,230.71
1542,2026-02-04,West,Apparel,rep_08,6,81.7,0.05,578.49
1543,2026-02-04,East,Office Supplies,rep_09,7,49.91,0,434.0
1544,2026-02-04,East,Office Supplies,rep_08,5,40.9,0,254.03
1545,2026-02-05,West,Office Supplies,rep_11,6,58.64,0.1,393.71
1546,2026-02-06,North,Furniture,rep_07,4,412.23,0.3,1436.39
1547,2026-02-06,East,Office Supplies,rep_05,1,52.15,0.1,58.41
1548,2026-02-06,South,Apparel,rep_06,1,88.65,0.05,104.8
1549,2026-02-07,West,Apparel,rep_11,6,84.41,0,630.82
1550,2026-02-07,North,Furniture,rep_12,8,244.76,0.2,1951.12
1551,2026-02-08,East,Office Supplies,rep_07,4,42.69,0.1,191.59
1552,2026-02-08,South,Office Supplies,rep_08,5,46.11,0,287.42
1553,2026-02-09,South,Electronics,rep_09,4,441.14,0.15,1871.51
1554,2026-02-10,North,Apparel,rep_06,3,63.69,0.05,226.69
1555,2026-02-10,West,Apparel,rep_02,8,64.02,0,639.63
1556,2026-02-10,South,Apparel,rep_01,3,73.55,0,275.57
1557,2026-02-11,North,Office Supplies,rep_08,3,49.65,0,186.19
1558,2026-02-11,North,Electronics,rep_07,7,480.25,0.15,3571.86
1559,2026-02-11,South,Apparel,rep_01,1,85.89,0.1,96.63
1560,2026-02-11,East,Office Supplies,rep_11,4,32.06,0,160.3
1561,2026-02-12,East,Furniture,rep_07,6,284.72,0,2137.3
1562,2026-02-12,North,Office Supplies,rep_08,1,40.89,0.1,46.04
1563,2026-02-13,West,Apparel,rep_06,3,75.19,0.2,225.97
1564,2026-02-13,North,Furniture,rep_12,7,221.15,0.1,1744.65
1565,2026-02-13,North,Furniture,rep_02,1,344.96,0.1,388.77
1566,2026-02-14,South,Electronics,rep_10,5,520.75,0,3263.37
1567,2026-02-14,East,Electronics,rep_07,1,308.18,0,386.25
1568,2026-02-14,South,Apparel,rep_04,5,82.57,0,517.44
1569,2026-02-15,South,Office Supplies,rep_10,2,52.37,0.1,118.25
1570,2026-02-16,West,Apparel,rep_05,2,84.65,0,212.57
1571,2026-02-16,East,Electronics,rep_05,8,352.4,0.05,3362.68
1572,2026-02-17,East,Office Supplies,rep_08,5,36.55,0.25,172.24
1573,2026-02-17,East,Furniture,rep_01,8,288.74,0,2902.8
1574,2026-02-18,West,Electronics,rep_09,8,337.85,0,3399.52
1575,2026-02-19,West,Electronics,rep_05,4,428.28,0.1,1940.96
1576,2026-02-20,North,Electronics,rep_06,3,551.0,0.1,1874.5
1577,2026-02-20,South,Office Supplies,rep_01,2,34.49,0,86.91
1578,2026-02-20,East,Furniture,rep_10,3,288.32,0.25,817.39
1579,2026-02-20,West,Office Supplies,rep_03,2,43.24,0.1,98.07
1580,2026-02-21,South,Apparel,rep_12,8,71.22,0.15,610.75
1581,2026-02-22,East,Apparel,rep_03,3,62.33,0,236.02
1582,2026-02-22,South,Electronics,rep_03,8,529.87,0.2,4280.41
1583,2026-02-22,East,Apparel,rep_08,1,104.3,0,131.65
1584,2026-02-22,North,Apparel,rep_05,7,80.68,0,712.85
1585,2026-02-23,East,Electronics,rep_09,4,581.5,0.1,2644.66
1586,2026-02-23,South,Electronics,rep_03,4,435.69,0.15,1871.43
1587,2026-02-23,North,Electronics,rep_08,3,442.64,0.2,1342.08
1588,2026-02-24,East,Electronics,rep_01,6,364.82,0.1,2490.99
1589,2026-02-24,East,Furniture,rep_02,7,304.51,0.1,2425.73
1590,2026-02-25,West,Apparel,rep_08,8,60.93,0.2,493.51
1591,2026-02-25,North,Office Supplies,rep_02,8,54.98,0,556.64
1592,2026-02-25,South,Apparel,rep_09,1,102.25,0.1,116.46
1593,2026-02-25,East,Furniture,rep_01,8,423.23,0.2,3427.97
1594,2026-02-26,South,Apparel,rep_12,8,96.13,0.1,876.71
1595,2026-02-26,North,Apparel,rep_11,4,56.12,0.1,255.91
1596,2026-02-27,East,Office Supplies,rep_03,1,59.75,0.2,60.6
1597,2026-02-27,North,Apparel,rep_04,4,66.5,0.15,286.64
1598,2026-02-27,West,Apparel,rep_07,4,96.14,0,487.54
1599,2026-02-28,East,Electronics,rep_03,8,428.47,0.25,3262.08
1600,2026-03-01,East,Electronics,rep_10,1,456.65,0.15,492.95
1601,2026-03-01,West,Apparel,rep_12,3,94.74,0,360.96
1602,2026-03-01,North,Furniture,rep_07,6,326.39,0.25,1865.32
1603,2026-03-01,North,Furniture,rep_03,6,427.6,0.25,2443.73
1604,2026-03-02,East,Apparel,rep_06,5,103.21,0.25,491.97
1605,2026-03-02,North,Furniture,rep_12,5,365.99,0.1,2093.46
1606,2026-03-03,East,Office Supplies,rep_11,6,49.21,0.15,319.29
1607,2026-03-03,West,Office Supplies,rep_02,7,56.96,0.25,380.45
1608,2026-03-04,North,Apparel,rep_05,1,67.19,0,85.56
1609,2026-03-05,West,Furniture,rep_01,5,261.27,0.3,1165.41
1610,2026-03-05,West,Office Supplies,rep_04,2,50.91,0.25,97.32
1611,2026-03-05,North,Apparel,rep_07,5,94.8,0,604.09
1612,2026-03-06,West,Apparel,rep_01,6,110.09,0,842.56
1613,2026-03-06,North,Office Supplies,rep_10,8,57.64,0.1,529.37
1614,2026-03-06,East,Furniture,rep_11,4,280.84,0.1,1289.62
1615,2026-03-06,North,Electronics,rep_07,3,510.11,0,1952.02
1616,2026-03-07,North,Apparel,rep_01,5,63.28,0.1,363.54
1617,2026-03-08,East,Apparel,rep_10,3,58.24,0.1,200.93
1618,2026-03-08,East,Electronics,rep_06,5,438.22,0.25,2099.8
1619,2026-03-08,East,Electronics,rep_09,6,448.47,0,3438.27
1620,2026-03-09,South,Furniture,rep_04,7,236.95,0.1,1909.11
1621,2026-03-10,South,Office Supplies,rep_08,4,61.43,0.25,235.89
1622,2026-03-10,North,Electronics,rep_01,6,425.03,0.05,3101.02
1623,2026-03-10,South,Office Supplies,rep_12,2,43.66,0.25,83.83
1624,2026-03-11,West,Electronics,rep_08,6,445.21,0.25,2566.64
1625,2026-03-11,North,Apparel,rep_02,4,73.94,0,378.9
1626,2026-03-11,West,Furniture,rep_11,1,353.04,0.1,407.06
1627,2026-03-12,West,Apparel,rep_11,4,86.11,0.15,375.4
1628,2026-03-12,East,Electronics,rep_01,3,300.98,0.1,1041.99
1629,2026-03-13,North,Electronics,rep_05,5,458.08,0.05,2792.38
1630,2026-03-14,South,Apparel,rep_07,7,80.25,0,721.54
1631,2026-03-14,East,Electronics,rep_12,2,516.25,0,1326.19
1632,2026-03-14,South,Electronics,rep_10,2,379.21,0.1,876.73
1633,2026-03-14,North,Electronics,rep_08,8,406.14,0,4173.31
1634,2026-03-15,North,Furniture,rep_05,7,389.9,0.3,2456.07
1635,2026-03-15,North,Furniture,rep_09,6,424.75,0,3276.24
1636,2026-03-16,North,Electronics,rep_05,7,451.92,0,4070.29
1637,2026-03-16,East,Furniture,rep_03,6,262.95,0.3,1420.98
1638,2026-03-17,North,Furniture,rep_11,5,259.17,0.1,1501.89
1639,2026-03-17,West,Electronics,rep_05,8,483.53,0,4981.43
1640,2026-03-18,North,Office Supplies,rep_03,8,61.47,0.1,570.44
1641,2026-03-19,North,Electronics,rep_08,2,558.63,0.1,1297.14
1642,2026-03-19,South,Apparel,rep_10,5,94.83,0,611.65
1643,2026-03-20,West,Office Supplies,rep_04,3,31.65,0.05,116.46
1644,2026-03-20,North,Apparel,rep_08,6,63.52,0.1,442.86
1645,2026-03-20,South,Apparel,rep_03,5,83.27,0,537.55
1646,2026-03-21,West,Office Supplies,rep_05,3,59.58,0.05,219.42
1647,2026-03-22,West,Electronics,rep_10,1,532.92,0.15,585.86
1648,2026-03-23,East,Electronics,rep_06,8,486.25,0,5035.39
1649,2026-03-23,North,Apparel,rep_09,5,63.5,0.25,308.24
1650,2026-03-24,South,Apparel,rep_09,1,93.11,0,120.63
1651,2026-03-25,North,Apparel,rep_06,3,97.21,0.2,302.52
1652,2026-03-25,North,Electronics,rep_06,8,362.13,0.1,3380.85
1653,2026-03-26,East,Electronics,rep_01,6,408.1,0.2,2542.19
1654,2026-03-26,West,Electronics,rep_11,6,324.35,0.25,1894.2
1655,2026-03-27,East,Office Supplies,rep_06,3,43.36,0.15,143.62
1656,2026-03-27,South,Electronics,rep_09,7,579.97,0.05,5009.56
1657,2026-03-27,South,Apparel,rep_10,6,83.26,0.2,519.1
1658,2026-03-28,South,Furniture,rep_04,4,233.73,0.2,972.32
1659,2026-03-29,North,Furniture,rep_06,2,360.46,0.25,703.5
1660,2026-03-29,South,Electronics,rep_11,8,434.83,0,4526.1
1661,2026-03-30,North,Electronics,rep_03,3,462.61,0,1807.26
1662,2026-03-30,West,Electronics,rep_03,3,310.44,0.1,1091.51
1663,2026-03-30,East,Apparel,rep_02,1,105.2,0.1,123.29
1664,2026-03-30,South,Furniture,rep_04,8,405.2,0.1,3799.16
1665,2026-03-31,West,Furniture,rep_05,3,352.24,0.3,964.08
1666,2026-03-31,East,Furniture,rep_10,6,417.15,0.3,2283.48
1667,2026-03-31,North,Electronics,rep_04,7,332.87,0,3036.88
1668,2026-03-31,West,Apparel,rep_09,2,65.94,0,171.88
1669,2026-04-01,South,Electronics,rep_01,3,559.18,0.25,1641.19
1670,2026-04-02,South,Apparel,rep_04,1,95.07,0.15,105.5
1671,2026-04-02,West,Apparel,rep_07,7,75.63,0,691.17
1672,2026-04-02,North,Furniture,rep_05,4,414.49,0,2164.56
1673,2026-04-02,North,Apparel,rep_10,1,95.71,0,124.95
1674,2026-04-03,South,Electronics,rep_07,4,496.2,0.1,2334.12
1675,2026-04-04,North,Electronics,rep_07,5,370.82,0.25,1818.56
1676,2026-04-04,East,Office Supplies,rep_09,7,55.28,0.15,430.15
1677,2026-04-04,North,Apparel,rep_10,8,70.21,0.1,661.1
1678,2026-04-05,East,Apparel,rep_12,2,97.88,0.2,204.98
1679,2026-04-05,North,Furniture,rep_10,7,387.58,0.3,2485.77
1680,2026-04-05,North,Electronics,rep_08,1,530.48,0,694.34
1681,2026-04-06,North,Electronics,rep_12,4,403.03,0,2111.88
1682,2026-04-06,West,Apparel,rep_05,7,90.38,0.25,621.59
1683,2026-04-06,West,Electronics,rep_01,3,482.25,0.2,1516.19
1684,2026-04-06,West,Furniture,rep_09,5,259.26,0.3,1188.71
1685,2026-04-07,East,Furniture,rep_03,6,268.92,0,2115.5
1686,2026-04-07,West,Electronics,rep_07,7,397.82,0.15,3103.44
1687,2026-04-08,East,Electronics,rep_05,2,564.24,0.25,1110.61
1688,2026-04-08,South,Office Supplies,rep_08,5,38.63,0.05,240.78
1689,2026-04-09,North,Electronics,rep_02,7,442.83,0.25,3053.31
1690,2026-04-09,South,Office Supplies,rep_09,2,56.79,0.1,134.25
1691,2026-04-09,East,Office Supplies,rep_06,7,49.24,0.05,430.05
1692,2026-04-09,East,Apparel,rep_02,1,82.99,0.1,98.09
1693,2026-04-10,East,Furniture,rep_06,4,390.64,0.25,1540.42
1694,2026-04-10,East,Electronics,rep_07,5,366.99,0,2411.94
1695,2026-04-10,North,Office Supplies,rep_04,3,46.51,0.1,165.06
1696,2026-04-10,North,Office Supplies,rep_04,4,47.22,0.05,235.86
1697,2026-04-11,North,Office Supplies,rep_03,4,57.8,0.1,273.74
1698,2026-04-11,North,Electronics,rep_10,2,492.69,0.2,1037.06
1699,2026-04-12,West,Electronics,rep_10,6,476.48,0.2,3011.35
1700,2026-04-13,North,Apparel,rep_01,5,78.28,0,515.78
1701,2026-04-13,South,Apparel,rep_11,1,84.14,0.15,94.25
1702,2026-04-13,South,Furniture,rep_06,2,368.52,0.25,728.44
1703,2026-04-14,East,Electronics,rep_06,7,464.82,0.1,3862.19
1704,2026-04-15,East,Furniture,rep_06,4,275.46,0.3,1018.1
1705,2026-04-15,North,Office Supplies,rep_06,7,38.13,0.1,317.09
1706,2026-04-15,North,Apparel,rep_02,3,88.0,0.05,331.06
1707,2026-04-16,East,Furniture,rep_08,7,259.55,0.1,2160.23
1708,2026-04-16,North,Electronics,rep_09,8,333.53,0.25,2643.78
1709,2026-04-16,East,Office Supplies,rep_07,5,39.41,0,260.32
1710,2026-04-17,North,Furniture,rep_08,5,320.41,0,2118.27
1711,2026-04-18,South,Office Supplies,rep_02,5,42.34,0.15,238.13
1712,2026-04-18,West,Office Supplies,rep_03,4,49.67,0.25,197.19
1713,2026-04-18,South,Office Supplies,rep_02,8,55.9,0.2,473.44
1714,2026-04-19,South,Office Supplies,rep_07,3,58.85,0.1,210.45
1715,2026-04-19,West,Apparel,rep_04,2,60.43,0.1,144.07
1716,2026-04-19,South,Office Supplies,rep_05,5,53.88,0.15,303.28
1717,2026-04-19,East,Apparel,rep_08,6,97.88,0.25,583.36
1718,2026-04-20,North,Furniture,rep_11,1,244.13,0.1,291.25
1719,2026-04-20,West,Office Supplies,rep_02,2,38.13,0.15,85.92
1720,2026-04-20,North,Electronics,rep_07,8,455.24,0,4827.57
1721,2026-04-20,North,Electronics,rep_05,3,318.79,0.15,1077.56
1722,2026-04-21,East,Furniture,rep_09,8,352.95,0.1,3371.38
1723,2026-04-21,North,Furniture,rep_08,6,403.7,0.2,2570.76
1724,2026-04-22,East,Office Supplies,rep_03,3,62.04,0.25,185.34
1725,2026-04-22,East,Apparel,rep_05,7,85.31,0.25,594.68
1726,2026-04-22,South,Office Supplies,rep_05,4,56.85,0.2,241.55
1727,2026-04-22,South,Office Supplies,rep_09,3,41.06,0,163.56
1728,2026-04-23,North,Office Supplies,rep_08,1,53.16,0.2,56.51
1729,2026-04-23,North,Office Supplies,rep_01,7,56.64,0.05,500.53
1730,2026-04-24,South,Furniture,rep_12,7,302.66,0.1,2535.99
1731,2026-04-24,West,Apparel,rep_11,4,70.73,0.15,319.84
1732,2026-04-24,South,Furniture,rep_05,5,278.77,0.3,1297.67
1733,2026-04-25,West,Furniture,rep_11,3,246.65,0,984.96
1734,2026-04-25,East,Apparel,rep_04,5,95.23,0.2,507.05
1735,2026-04-25,North,Office Supplies,rep_03,1,62.05,0,82.6
1736,2026-04-25,North,Electronics,rep_04,3,504.27,0,2013.72
1737,2026-04-26,North,Furniture,rep_08,4,291.2,0.2,1241.42
1738,2026-04-27,East,Apparel,rep_01,1,74.49,0,99.32
1739,2026-04-27,East,Office Supplies,rep_04,2,48.61,0,129.63
1740,2026-04-27,West,Office Supplies,rep_07,1,35.34,0.05,44.76
1741,2026-04-28,East,Furniture,rep_09,1,260.22,0,347.25
1742,2026-04-28,South,Furniture,rep_11,5,420.16,0.1,2523.06
1743,2026-04-28,East,Electronics,rep_04,2,368.47,0.1,885.06
1744,2026-04-28,West,Office Supplies,rep_11,4,62.16,0.05,315.21
1745,2026-04-29,North,Office Supplies,rep_04,5,49.92,0.15,283.35
1746,2026-04-29,West,Electronics,rep_06,8,496.39,0,5303.65
1747,2026-04-29,North,Electronics,rep_11,8,320.87,0.1,3085.49
1748,2026-04-29,North,Electronics,rep_03,3,500.19,0,2004.09
1749,2026-04-30,South,Furniture,rep_12,6,391.8,0.25,2356.68
1750,2026-04-30,North,Furniture,rep_05,7,294.72,0.1,2481.84
1751,2026-04-30,South,Electronics,rep_12,8,458.35,0.25,3675.97
1752,2026-04-30,North,Apparel,rep_12,3,86.44,0.1,311.96
1753,2026-05-01,West,Office Supplies,rep_08,3,33.67,0,135.13
1754,2026-05-01,West,Office Supplies,rep_07,6,45.8,0.25,275.72
1755,2026-05-01,West,Furniture,rep_06,6,385.4,0.1,2784.13
1756,2026-05-01,East,Electronics,rep_09,7,349.82,0.2,2620.7
1757,2026-05-02,South,Office Supplies,rep_11,6,34.98,0.25,210.75
1758,2026-05-02,North,Electronics,rep_04,3,346.52,0,1391.86
1759,2026-05-03,North,Apparel,rep_11,1,87.98,0.15,100.21
1760,2026-05-04,North,Office Supplies,rep_01,4,50.59,0,271.39
1761,2026-05-04,East,Furniture,rep_06,2,318.57,0,854.48
1762,2026-05-04,West,Apparel,rep_09,1,102.12,0.1,123.26
1763,2026-05-04,East,Electronics,rep_09,5,316.91,0.05,2018.8
1764,2026-05-05,East,Electronics,rep_11,7,349.7,0.25,2464.22
1765,2026-05-06,East,Furniture,rep_06,7,378.91,0.3,2494.11
1766,2026-05-06,East,Apparel,rep_03,7,105.44,0,991.49
1767,2026-05-07,East,Office Supplies,rep_09,8,60.91,0.1,589.61
1768,2026-05-07,West,Office Supplies,rep_12,7,55.57,0.15,444.53
1769,2026-05-07,East,Office Supplies,rep_12,4,43.31,0.25,174.68
1770,2026-05-07,South,Office Supplies,rep_01,8,45.6,0.15,416.89
1771,2026-05-08,East,Office Supplies,rep_01,3,62.79,0.1,228.12
1772,2026-05-09,North,Furniture,rep_09,6,221.71,0.2,1433.13
1773,2026-05-09,North,Furniture,rep_05,8,294.18,0.1,2852.37
1774,2026-05-09,West,Office Supplies,rep_02,4,38.84,0.1,188.3
1775,2026-05-10,East,Furniture,rep_08,6,389.06,0.1,2831.58
1776,2026-05-10,East,Electronics,rep_02,5,304.99,0.15,1747.0
1777,2026-05-10,West,Electronics,rep_07,6,396.29,0.15,2723.97
1778,2026-05-10,West,Electronics,rep_11,4,513.82,0,2770.06
1779,2026-05-11,North,Electronics,rep_06,1,387.88,0,523.21
1780,2026-05-11,North,Furniture,rep_10,7,427.72,0.3,2827.04
1781,2026-05-11,North,Electronics,rep_03,5,525.19,0,3542.11
1782,2026-05-11,North,Office Supplies,rep_02,1,48.77,0.1,59.21
1783,2026-05-12,East,Apparel,rep_09,3,98.67,0.2,319.69
1784,2026-05-12,South,Furniture,rep_04,4,338.77,0.3,1280.55
1785,2026-05-12,North,Furniture,rep_02,7,287.18,0.3,1899.7
1786,2026-05-12,East,Electronics,rep_06,7,401.39,0.05,3603.48
1787,2026-05-13,East,Electronics,rep_10,3,584.37,0.2,1894.92
1788,2026-05-13,South,Furniture,rep_03,4,260.33,0.2,1125.55
1789,2026-05-13,North,Electronics,rep_05,1,365.46,0,493.78
1790,2026-05-14,East,Office Supplies,rep_01,2,41.11,0.2,88.94
1791,2026-05-15,East,Furniture,rep_05,4,261.22,0.3,989.85
1792,2026-05-15,East,Apparel,rep_07,3,94.92,0,385.38
1793,2026-05-15,North,Electronics,rep_01,1,377.5,0.1,459.79
1794,2026-05-16,North,Electronics,rep_02,5,488.92,0.1,2979.97
1795,2026-05-16,North,Electronics,rep_09,7,361.96,0.15,2917.02
1796,2026-05-16,West,Electronics,rep_02,8,548.83,0.25,4460.16
1797,2026-05-16,North,Furniture,rep_01,8,338.67,0,3669.68
1798,2026-05-17,South,Office Supplies,rep_06,7,54.95,0,521.41
1799,2026-05-17,South,Office Supplies,rep_05,5,38.94,0.25,197.94
1800,2026-05-18,West,Office Supplies,rep_04,1,61.24,0.1,74.77
1801,2026-05-19,West,Office Supplies,rep_09,3,34.27,0.15,118.65
1802,2026-05-19,South,Furniture,rep_10,3,309.54,0.2,1008.69
1803,2026-05-20,East,Apparel,rep_11,4,92.54,0.25,377.25
1804,2026-05-20,West,Furniture,rep_03,5,366.41,0.3,1742.69
1805,2026-05-20,West,Apparel,rep_06,3,92.75,0,378.11
1806,2026-05-21,North,Electronics,rep_07,3,507.76,0.1,1864.49
1807,2026-05-22,South,Office Supplies,rep_02,5,36.29,0.05,234.62
1808,2026-05-22,North,Furniture,rep_04,5,348.42,0.3,1659.83
1809,2026-05-22,North,Furniture,rep_03,1,294.96,0.25,301.1
1810,2026-05-22,East,Apparel,rep_08,6,66.3,0.15,460.23
1811,2026-05-23,North,Furniture,rep_05,4,223.99,0,1220.5
1812,2026-05-23,North,Apparel,rep_03,4,98.44,0,536.39
1813,2026-05-23,West,Apparel,rep_04,8,94.52,0.2,824.05
1814,2026-05-23,South,Apparel,rep_12,1,90.04,0.15,104.26
1815,2026-05-24,East,Apparel,rep_08,1,85.16,0.2,92.88
1816,2026-05-24,West,Electronics,rep_12,4,446.5,0.15,2069.68
1817,2026-05-24,East,Electronics,rep_07,1,349.82,0.2,381.54
1818,2026-05-25,South,Office Supplies,rep_12,7,40.77,0,389.4
1819,2026-05-25,South,Furniture,rep_02,8,236.63,0.3,1808.06
1820,2026-05-25,East,Furniture,rep_08,3,302.3,0.2,989.93
1821,2026-05-26,South,Furniture,rep_05,4,408.51,0,2231.37
1822,2026-05-27,East,Furniture,rep_11,2,236.79,0.25,485.42
1823,2026-05-27,North,Office Supplies,rep_10,7,54.4,0.25,390.32
1824,2026-05-27,South,Furniture,rep_06,7,226.53,0.1,1950.42
1825,2026-05-28,West,Furniture,rep_07,3,383.91,0,1575.31
1826,2026-05-28,North,Office Supplies,rep_02,8,40.6,0,444.25
1827,2026-05-29,North,Furniture,rep_08,5,219.65,0.25,1127.54
1828,2026-05-29,East,Electronics,rep_08,8,363.94,0.2,3188.44
1829,2026-05-30,North,Apparel,rep_05,1,69.7,0.25,71.62
1830,2026-05-30,North,Furniture,rep_01,3,228.95,0.2,752.79
1831,2026-05-30,West,Furniture,rep_01,5,288.85,0,1978.62
1832,2026-05-30,South,Electronics,rep_10,3,341.43,0.1,1262.95
1833,2026-05-31,East,Apparel,rep_05,6,108.16,0,889.8
1834,2026-05-31,South,Office Supplies,rep_09,7,57.34,0.15,467.79
1201,2025-09-24,South,Electronics,rep_10,8,564.82,0.1,4450.78
